Workbook

Sheet Bill Items
A1: 22-004I 10/03/2025 13:08:21 Page : 1
A2: Demolition & Initial Earthworks
A4: Bill | B4: Section | C4: Page | D4: Ref | E4: Description | F4: Quantity | G4: Unit | H4: Rate | I4: Extension | J4: Activity
A5: 1 | B5: 1 | C5: 1 | D5: A | E5: C EXISTING SITE / BUILDINGS / SERVICES C20 DEMOLITION Refer to 22-004-PR-W-0020 DGW1 Demolition Programme Rev A 2024-09-20 Phase 1A W+M Demolition (Above ground) Phase 1B W+M Demolition (Ground floor slabs) Phase 1C W+M Demolition (Basements) Phase 1D W+M Demolition (Foundations) PHASE 1 (Wolseley Plumb Centre) Asbestos removal | F5: 1 | G5: ITEM
A6: 1 | B6: 1 | C6: 1 | D6: B | E6: Demolition inc soft strip and grubbing up floor slab, foundations & drainage inc capping off | F6: 1 | G6: ITEM
A7: 1 | B7: 1 | C7: 1 | D7: C | E7: Process demolition arisings to 6f2 or import to 6f5, and stockpile crushed material in location to be agreed and to be used in backfilling basements and/or later piling platform works | F7: 1 | G7: ITEM
A8: 1 | B8: 1 | C8: 1 | D8: D | E8: Backfill of existing basement | F8: 1 | G8: ITEM
A9: 1 | B9: 1 | C9: 1 | D9: E | E9: Temporary works associated with the demolition methodology | F9: 1 | G9: ITEM
A10: 1 | B10: 1 | C10: 1 | D10: F | E10: Support of roads and the like Support of roads/ footpaths due to tightness of sight; potential temporary support required to form foundations; as drawing ZO-SL-DR-A-1010 P01 To be designed | F10: 1 | G10: ITEM
A11: 1 | B11: 1 | C11: 1 | D11: F | E11: Undertake all necessary works to retain the existing Highway | F11: 1 | G11: ITEM
A12: 1 | B12: 1 | C12: 1 | D12: G | E12: Mobility Store 2A - TC Phase B Demolition (Above ground) 2B - TC Phase A Demolition (Above ground) 2C - TC Phase A Demolition (Ground slabs) 2D - TC Phase A Demolition (Foundations) Asbestos removal | F12: 1 | G12: ITEM
A13: 1 | B13: 1 | C13: 1 | D13: H | E13: Existing gully pot, grate and frame to be taken up and removed from site, resulting void to be infilled with ST5 concrete mix and vibrated to remove any air bubbles generally | F13: 3 | G13: no
A14: 1 | B14: 1 | C14: 1 | D14: H | E14: Demolition inc soft strip and grubbing up floor slab, foundations & drainage inc capping off | F14: 1 | G14: ITEM
A15: 1 | B15: 1 | C15: 1 | D15: J | E15: Process demolition arisings to 6f2 or import to 6f5, and stockpile crushed material in location to be agreed and to be used in backfilling basements and/or later piling platform works | F15: 1 | G15: ITEM
A16: 1 | B16: 1 | C16: 1 | D16: K | E16: Backfill of existing basement | F16: 1 | G16: ITEM
... A35: 1 | B35: 1 | C35: 1 | D35: AD | E35: Traffic Management Traffic management alowance during demolition Phase for transportig materials between sites A & B | F35: 1 | G35: ITEM
A36: 1/1/1 | H36: To Collection: | I36: =I5+I6+I7+I12+I13+I14+I22+I23+I24+I29+I30+I32+I33+I34+I35 -> 0
A39: 22-004I 10/03/2025 13:08:21 Page : 2
A40: Demolition & Initial Earthworks
A42: Bill | B42: Section | C42: Page | D42: Ref | E42: Description | F42: Quantity | G42: Unit | H42: Rate | I42: Extension | J42: Activity
A43: 1 | B43: 1 | C43: 2 | D43: A | E43: Removing fittings and fixtures Side inlet gully to be taken up and removed from site, existing connection to be retained generally | F43: 1 | G43: no
A44: 1 | B44: 1 | C44: 2 | D44: B | E44: Existing non-illuminated traffic sign, pole and concrete foundation to be taken up and sign removed to tip generally | F44: 3 | G44: no
A45: 1 | B45: 1 | C45: 2 | D45: E | E45: Existing bin to be taken up and removed to tip off site and replaced with new bin, relocation position to be outlined by CoDC generally | F45: 1 | G45: no
A46: 1 | B46: 1 | C46: 2 | D46: F | E46: Works to existing Existing water stop valve to be adjusted to new footway level using class B Engineering bricks in class 1 mortar, any damaged valves to be replaced with new generally | F46: 4 | G46: no
A47: 1/1/2 | H47: To Collection: | I47: =I43+I44+I45+I46 -> 0
A50: 22-004I 10/03/2025 13:08:21 Page : 3
A51: Demolition & Initial Earthworks
A53: Bill | B53: Section | C53: Page | D53: Ref | E53: Description | F53: Quantity | G53: Unit | H53: Rate | I53: Extension | J53: Activity
A54: 1 | B54: 1 | C54: 3 | D54: A | E54: Works to existing Existing manhole/ inspection chambers, covers and frames to be adjusted to match new levels in carriageway, new D400 covers required and class B engineering brick with class 1 mortar bed to be finished surface course, any polished or damaged covers will need replacing generally | F54: 1 | G54: no
A55: 1 | B55: 1 | C55: 3 | D55: B | E55: Existing manhole/ inspection chambers, covers and frames located in the footway to be adjusted to match new levels, new covers and frames to be used generally | F55: 15 | G55: no
A56: 1 | B56: 1 | C56: 3 | D56: C | E56: Existing gas inspection chamber to be adjusted to suit new levels generally | F56: 1 | G56: no
A57: 1 | B57: 1 | C57: 3 | D57: F | E57: D GROUNDWORK D20 EXCAVATING AND FILLING Excavating To reduce levels 0.25 m maximum depth | F57: 83 | G57: m3
A58: 1/1/3 | H58: To Collection: | I58: =I54+I55+I56+I57 -> 0
A61: 22-004I 10/03/2025 13:08:21 Page : 4
A62: Demolition & Initial Earthworks
A64: Bill | B64: Section | C64: Page | D64: Ref | E64: Description | F64: Quantity | G64: Unit | H64: Rate | I64: Extension | J64: Activity
A65: 1 | B65: 1 | C65: 4 | D65: B | E65: Breaking out existing materials Break out existing kerb/ channel/ edging plus concrete bed and haunch; to be either reused or recycled for fill kerb/ channel or edging | F65: 106 | G65: m
A66: 1 | B66: 1 | C66: 4 | D66: C | E66: linear drain unit | F66: 57 | G66: m
A67: 1 | B67: 1 | C67: 4 | D67: D | E67: Disposal Disposal of water surface water | F67: 1 | G67: ITEM
A68: 1 | B68: 1 | C68: 4 | D68: E | E68: ground water | F68: 1 | G68: ITEM
A69: 1 | B69: 1 | C69: 4 | D69: F | E69: Excavated material off site | F69: 83 | G69: m3
A70: 1/1/4 | H70: To Collection: | I70: =I65+I66+I69 -> 0
A78: Collection Sheet | I78: £ p
A79: Page Total : 1/1/1 | I79: =I36 -> 0
A80: Page Total : 1/1/2 | I80: =I47 -> 0
A81: Page Total : 1/1/3 | I81: =I58 -> 0
A82: Page Total : 1/1/4 | I82: =I70 -> 0
H85: Total : | I85: =SUM(I79:I84) -> 0
A89: 22-004I 10/03/2025 13:08:21 Page : 6
A90: Substructure
A92: Bill | B92: Section | C92: Page | D92: Ref | E92: Description | F92: Quantity | G92: Unit | H92: Rate | I92: Extension | J92: Activity
A93: 2 | B93: 1 | C93: 1 | D93: A | E93: SUBSTRUCTURES Excavating and Filling Site strip measured and working platform included in Demoltion Phase 1 Package. | F93: 1 | G93: Item
A94: 2 | B94: 1 | C94: 1 | D94: B | E94: Excavations commence from a working platform level of +14.085m | F94: 1 | G94: Item
A95: 2 | B95: 1 | C95: 1 | D95: C | E95: Excavating To reduce levels < 1.00m deep | F95: 105 | G95: m3
A96: 2 | B96: 1 | C96: 1 | D96: D | E96: Trenches for ground beams; not exceeding 1.00m deep | F96: 109 | G96: m3
A97: 2 | B97: 1 | C97: 1 | D97: E | E97: Pits for pile caps < 1.00m deep | F97: 17 | G97: m3
A98: 2 | B98: 1 | C98: 1 | D98: F | E98: Pits for pile caps < 2.00m deep | F98: 142 | G98: m3
A99: 2 | B99: 1 | C99: 1 | D99: G | E99: Pits for pile caps < 4.00m deep | F99: 7 | G99: m3
A100: 2 | B100: 1 | C100: 1 | D100: H | E100: Lift pit base < 2.00m deep | F100: 31 | G100: m3
A101: 2 | B101: 1 | C101: 1 | D101: L | E101: Working space allowance to excavations; backfilling with selected excavated material Foundations | F101: 797 | G101: m2
A102: 2 | B102: 1 | C102: 1 | D102: M | E102: Earthwork Support Not exceeding 1.00m deep | F102: 421 | G102: m2
A103: 2 | B103: 1 | C103: 1 | D103: N | E103: Not exceeding 2.00m deep | F103: 359 | G103: m2
A104: 2 | B104: 1 | C104: 1 | D104: P | E104: Not exceeding 4.00m deep | F104: 17 | G104: m2
... A107: 2 | B107: 1 | C107: 1 | D107: S | E107: Remove excavated material; off site | F107: 411 | G107: m3
A108: 2/1/1 | H108: To Collection: | I108: =I95+I96+I97+I98+I99+I100+I101+I102+I103+I104+I106+I107 -> 0
A111: 22-004I 10/03/2025 13:08:21 Page : 7
A112: Substructure
A114: Bill | B114: Section | C114: Page | D114: Ref | E114: Description | F114: Quantity | G114: Unit | H114: Rate | I114: Extension | J114: Activity
A115: 2 | B115: 1 | C115: 2 | D115: A | E115: Surface Treatments Level and compact formation level; blind with 50mm thick soft sand (building footprint) | F115: 874 | G115: m2
A116: 2 | B116: 1 | C116: 2 | D116: B | E116: Additional 15mm thick soft sand blinding beneath bin store / switch room slabs to make up levels (Note: Uninsulated slab) | F116: 55 | G116: m2
A117: 2 | B117: 1 | C117: 2 | D117: C | E117: Piling Note: Piling platform included as part of Phase 1 Demolition works. Piling to Specialist's Design; as indicated on drawing BJB-Z1-FN-DR-S-00103 | F117: 0
A118: 2 | B118: 1 | C118: 2 | D118: D | E118: Bring to site all piling plant | F118: 1 | G118: Item
A119: 2 | B119: 1 | C119: 2 | D119: E | E119: Remove all piling plant on completion | F119: 1 | G119: Item
A120: 2 | B120: 1 | C120: 2 | D120: E | E120: Pre boring pile positions | F120: 114 | G120: Nr
A121: 2 | B121: 1 | C121: 2 | D121: F | E121: Piles; CFA 450mm diameter (Including boring, concrete & reinforcement) | F121: 114 | G121: Nr
A122: 2 | B122: 1 | C122: 2 | D122: F | E122: Additional pile length allowance | F122: 1 | G122: item
A123: 2 | B123: 1 | C123: 2 | D123: G | E123: Move piling rig between pile positions | F123: 114 | G123: Nr
A124: 2 | B124: 1 | C124: 2 | D124: H | E124: Cut off top of piles, prepare for pile caps | F124: 114 | G124: Nr
A125: 2 | B125: 1 | C125: 2 | D125: J | E125: Remove arisings from piling from site (assumes 450mm diameter x 10m long piles) | F125: 181 | G125: m3
A126: 2 | B126: 1 | C126: 2 | D126: K | E126: Concrete cube tests | F126: 1 | G126: Item
A127: 2 | B127: 1 | C127: 2 | D127: L | E127: Integrity test visit | F127: 1 | G127: Item
A128: 2 | B128: 1 | C128: 2 | D128: M | E128: Integrity tests | F128: 1 | G128: Item
A129: 2 | B129: 1 | C129: 2 | D129: N | E129: Static load test | F129: 1 | G129: Item
... A137: 2 | B137: 1 | C137: 2 | D137: V | E137: Column encasements to external columns | F137: 1 | G137: m3
A138: 2/1/2 | H138: To Collection: | I138: =I115+I116+I118+I120+I121+I122+I123+I124+I125+I126+I127+I128+I130+I131+I132+I133+I134+I135+I136+I137 -> 0
A141: 22-004I 10/03/2025 13:08:21 Page : 8
A142: Substructure
A144: Bill | B144: Section | C144: Page | D144: Ref | E144: Description | F144: Quantity | G144: Unit | H144: Rate | I144: Extension | J144: Activity
A145: 2 | B145: 1 | C145: 3 | D145: A | E145: Reinforced Concrete Grade RC32/40; DS-2; AC-2; as NBS E05 & E10/105 Type A and drawings BJB-Z1-FN-DR-S-0100, 0101, 0102, 1014, 0105 & 0106 Ground Beams | F145: 85 | G145: m3
A146: 2 | B146: 1 | C146: 3 | D146: B | E146: Pile Caps | F146: 146 | G146: m3
A147: 2 | B147: 1 | C147: 3 | D147: C | E147: Lift pit base | F147: 11 | G147: m3
A148: 2 | B148: 1 | C148: 3 | D148: D | E148: Lift pit walls | F148: 3 | G148: m3
A149: 2 | B149: 1 | C149: 3 | D149: E | E149: Reinforced Concrete Grade RC28/35; as NBS E05 & E10/105A and drawings BJB-Z1-FN-DR-S-0101, 0102 & 0110 Ground floor slabs and thickenings; 250mm thick slab | F149: 244 | G149: m3
A150: 2 | B150: 1 | C150: 3 | D150: F | E150: Upstands; 140mm thick | F150: 3 | G150: m3
A151: 2 | B151: 1 | C151: 3 | D151: G | E151: Formwork for In Situ Concrete; as NBS E20 Sides of ground beams; 250 - 500mm high | F151: 9 | G151: m
A152: 2 | B152: 1 | C152: 3 | D152: H | E152: Sides of ground beams; 500mm - 1.00m high | F152: 418 | G152: m
A153: 2 | B153: 1 | C153: 3 | D153: J | E153: Sides of pile caps; 500mm - 1.00m high | F153: 75 | G153: m
A154: 2 | B154: 1 | C154: 3 | D154: K | E154: Sides of pile caps; exceeding 1.00m high | F154: 305 | G154: m2
A155: 2 | B155: 1 | C155: 3 | D155: L | E155: Edge of lift pit base; 500mm - 1.00m high | F155: 17 | G155: m
A156: 2 | B156: 1 | C156: 3 | D156: M | E156: Kickers to lift pit walls, both sides suspended | F156: 13 | G156: m
...

Sheet Bill Summary
A8: Print Summary | E8: £ p
A9: Bill 1
C10: Demolition & Initial Earthworks | E10: ='Bill Items'!I85 -> 0
A11: Bill 2
C12: Substructure | E12: ='Bill Items'!I257 -> 0
A13: Bill 3
C14: Frame | E14: ='Bill Items'!I353 -> 0
A15: Bill 4
C16: Upper Floors | E16: ='Bill Items'!I418 -> 0
A17: Bill 5
C18: Roof | E18: ='Bill Items'!I605 -> 0
A19: Bill 6
C20: Stairs | E20: ='Bill Items'!I657 -> 0
A21: Bill 7
C22: External Walls | E22: ='Bill Items'!I840 -> 0
A23: Bill 8
C24: Windows & External Doors | E24: ='Bill Items'!I938 -> 0
A25: Bill 9
C26: Internal Walls | E26: ='Bill Items'!I1164 -> 0
A27: Bill 10
C28: Internal Doors | E28: ='Bill Items'!I1242 -> 0
A29: Bill 11
C30: Wall Finishes | E30: ='Bill Items'!I1341 -> 0
A31: Bill 12
C32: Floor Finishes | E32: ='Bill Items'!I1440 -> 0
A33: Bill 13
C34: Ceiling Finishes | E34: ='Bill Items'!I1512 -> 0
A35: Bill 14
C36: FF&E | E36: ='Bill Items'!I1581 -> 0
A37: Bill 15
C38: Sanitaryware | E38: ='Bill Items'!I1640 -> 0
A39: Bill 16
C40: M&E | E40: ='Bill Items'!I1701 -> 0
A41: Bill 17
C42: Phase 0 - Substructure Drainage | E42: ='Bill Items'!I1818 -> 0
A43: Bill 18
C44: Phase 1 - Cut & Fill | E44: ='Bill Items'!I1855 -> 0
A45: Bill 19
C46: Phase 1 - External Works | E46: ='Bill Items'!I1972 -> 0
A47: Bill 20
C48: Phase 1 - Drainage | E48: ='Bill Items'!I1995 -> 0
A49: Bill 21
C50: Phase 1 - External Services | E50: ='Bill Items'!I2016 -> 0
A51: Bill 22
C52: Phase 2 - Cut & Fill | E52: ='Bill Items'!I2051 -> 0
A53: Bill 23
C54: Phase 2 - External Works | E54: ='Bill Items'!I2120 -> 0
A55: Bill 24
C56: Phase 2 - Drainage | E56: ='Bill Items'!I2173 -> 0
A57: Bill 25
C58: Phase 2 - External Services | E58: ='Bill Items'!I2194 -> 0
A59: Bill 26
C60: Phase 3 - Cut & Fill | E60: ='Bill Items'!I2232 -> 0
A61: Bill 27
C62: Phase 3 - External Works | E62: ='Bill Items'!I2313 -> 0
A63: Bill 28
C64: Phase 3 - Drainage | E64: ='Bill Items'!I2355 -> 0
A65: Bill 29
C66: Phase 3 - External Services | E66: ='Bill Items'!I2427 -> 0
A67: Bill 30
C68: Phase 4 - Cut & Fill | E68: ='Bill Items'!I2452 -> 0
A69: Bill 31
C70: Phase 4 - External Works | E70: ='Bill Items'!I2521 -> 0
A71: Bill 32
C72: Phase 4 - Drainage | E72: ='Bill Items'!I2561 -> 0
A73: Bill 33
C74: Phase 4 - External Services | E74: ='Bill Items'!I2605 -> 0
A75: Bill 34
C76: Phase 5 - Cut & Fill | E76: ='Bill Items'!I2628 -> 0
A77: Bill 35
C78: Phase 5 - External Works | E78: ='Bill Items'!I2730 -> 0
A79: Bill 36
C80: Phase 5 - Drainage | E80: ='Bill Items'!I2775 -> 0
A81: Bill 37
C82: Phase 5 - External Services | E82: ='Bill Items'!I2841 -> 0
A83: Bill 38
C84: Phase 6 - Cut & Fill | E84: ='Bill Items'!I2863 -> 0
A85: Bill 39
C86: Phase 6 - External Works | E86: ='Bill Items'!I2916 -> 0
A87: Bill 40
C88: Phase 6 - Drainage | E88: ='Bill Items'!I2937 -> 0
A89: Bill 41
C90: Phase 6 - External Services | E90: ='Bill Items'!I3007 -> 0
A91: Bill 42
C92: Phase 7 - Cut & Fill | E92: ='Bill Items'!I3036 -> 0
A93: Bill 43
C94: Phase 7 - External Works | E94: ='Bill Items'!I3164 -> 0
A95: Bill 44
C96: Phase 7 - Drainage | E96: ='Bill Items'!I3220 -> 0
A97: Bill 45
C98: Phase 7 - External Services | E98: ='Bill Items'!I3258 -> 0
A99: Bill 46
C100: Phase 8.1 (278 Wks) - Cut & Fill | E100: ='Bill Items'!I3294 -> 0
A101: Bill 47
C102: Phase 8.1 (278 Wks) - External Works | E102: ='Bill Items'!I3329 -> 0
A103: Bill 48
C104: Phase 8.1 (278 Wks) - Drainage | E104: ='Bill Items'!I3372 -> 0
A105: Bill 49
C106: Phase 8.1 (278 Wks) - External Services | E106: ='Bill Items'!I3393 -> 0
A107: Bill 50
...

Sheet General Summary
A8: General Summary | E8: £ p
A9: Bill 1 | B9: Demolition & Initial Earthworks | E9: ='Bill Items'!I85 -> 0
A10: Bill 2 | B10: Substructure | E10: ='Bill Items'!I257 -> 0
A11: Bill 3 | B11: Frame | E11: ='Bill Items'!I353 -> 0
A12: Bill 4 | B12: Upper Floors | E12: ='Bill Items'!I418 -> 0
A13: Bill 5 | B13: Roof | E13: ='Bill Items'!I605 -> 0
A14: Bill 6 | B14: Stairs | E14: ='Bill Items'!I657 -> 0
A15: Bill 7 | B15: External Walls | E15: ='Bill Items'!I840 -> 0
A16: Bill 8 | B16: Windows & External Doors | E16: ='Bill Items'!I938 -> 0
A17: Bill 9 | B17: Internal Walls | E17: ='Bill Items'!I1164 -> 0
A18: Bill 10 | B18: Internal Doors | E18: ='Bill Items'!I1242 -> 0
A19: Bill 11 | B19: Wall Finishes | E19: ='Bill Items'!I1341 -> 0
A20: Bill 12 | B20: Floor Finishes | E20: ='Bill Items'!I1440 -> 0
A21: Bill 13 | B21: Ceiling Finishes | E21: ='Bill Items'!I1512 -> 0
A22: Bill 14 | B22: FF&E | E22: ='Bill Items'!I1581 -> 0
A23: Bill 15 | B23: Sanitaryware | E23: ='Bill Items'!I1640 -> 0
A24: Bill 16 | B24: M&E | E24: ='Bill Items'!I1701 -> 0
A25: Bill 17 | B25: Phase 0 - Substructure Drainage | E25: ='Bill Items'!I1818 -> 0
A26: Bill 18 | B26: Phase 1 - Cut & Fill | E26: ='Bill Items'!I1855 -> 0
A27: Bill 19 | B27: Phase 1 - External Works | E27: ='Bill Items'!I1972 -> 0
A28: Bill 20 | B28: Phase 1 - Drainage | E28: ='Bill Items'!I1995 -> 0
A29: Bill 21 | B29: Phase 1 - External Services | E29: ='Bill Items'!I2016 -> 0
A30: Bill 22 | B30: Phase 2 - Cut & Fill | E30: ='Bill Items'!I2051 -> 0
A31: Bill 23 | B31: Phase 2 - External Works | E31: ='Bill Items'!I2120 -> 0
A32: Bill 24 | B32: Phase 2 - Drainage | E32: ='Bill Items'!I2173 -> 0
A33: Bill 25 | B33: Phase 2 - External Services | E33: ='Bill Items'!I2194 -> 0
A34: Bill 26 | B34: Phase 3 - Cut & Fill | E34: ='Bill Items'!I2232 -> 0
A35: Bill 27 | B35: Phase 3 - External Works | E35: ='Bill Items'!I2313 -> 0
A36: Bill 28 | B36: Phase 3 - Drainage | E36: ='Bill Items'!I2355 -> 0
A37: Bill 29 | B37: Phase 3 - External Services | E37: ='Bill Items'!I2427 -> 0
A38: Bill 30 | B38: Phase 4 - Cut & Fill | E38: ='Bill Items'!I2452 -> 0
A39: Bill 31 | B39: Phase 4 - External Works | E39: ='Bill Items'!I2521 -> 0
A40: Bill 32 | B40: Phase 4 - Drainage | E40: ='Bill Items'!I2561 -> 0
A41: Bill 33 | B41: Phase 4 - External Services | E41: ='Bill Items'!I2605 -> 0
A42: Bill 34 | B42: Phase 5 - Cut & Fill | E42: ='Bill Items'!I2628 -> 0
A43: Bill 35 | B43: Phase 5 - External Works | E43: ='Bill Items'!I2730 -> 0
A44: Bill 36 | B44: Phase 5 - Drainage | E44: ='Bill Items'!I2775 -> 0
A45: Bill 37 | B45: Phase 5 - External Services | E45: ='Bill Items'!I2841 -> 0
A46: Bill 38 | B46: Phase 6 - Cut & Fill | E46: ='Bill Items'!I2863 -> 0
A47: Bill 39 | B47: Phase 6 - External Works | E47: ='Bill Items'!I2916 -> 0
A48: Bill 40 | B48: Phase 6 - Drainage | E48: ='Bill Items'!I2937 -> 0
A49: Bill 41 | B49: Phase 6 - External Services | E49: ='Bill Items'!I3007 -> 0
A50: Bill 42 | B50: Phase 7 - Cut & Fill | E50: ='Bill Items'!I3036 -> 0
A51: Bill 43 | B51: Phase 7 - External Works | E51: ='Bill Items'!I3164 -> 0
A52: Bill 44 | B52: Phase 7 - Drainage | E52: ='Bill Items'!I3220 -> 0
A53: Bill 45 | B53: Phase 7 - External Services | E53: ='Bill Items'!I3258 -> 0
A54: Bill 46 | B54: Phase 8.1 (278 Wks) - Cut & Fill | E54: ='Bill Items'!I3294 -> 0
A55: Bill 47 | B55: Phase 8.1 (278 Wks) - External Works | E55: ='Bill Items'!I3329 -> 0
A56: Bill 48 | B56: Phase 8.1 (278 Wks) - Drainage | E56: ='Bill Items'!I3372 -> 0
A57: Bill 49 | B57: Phase 8.1 (278 Wks) - External Services | E57: ='Bill Items'!I3393 -> 0
A58: Bill 50 | B58: Phase 8.2 (278 Wks) - Cut & Fill | E58: ='Bill Items'!I3444 -> 0
A59: Bill 51 | B59: Phase 8.2 (278 Wks) - External Works | E59: ='Bill Items'!I3495 -> 0
A60: Bill 52 | B60: Phase 8.2 (278 Wks) - Drainage | E60: ='Bill Items'!I3538 -> 0
A61: Bill 53 | B61: Phase 8.2 (278 Wks) - External Services | E61: ='Bill Items'!I3577 -> 0
A62: Bill 54 | B62: Phase 8.3 (278 Wks) - Cut & Fill | E62: ='Bill Items'!I3614 -> 0
A63: Bill 55 | B63: Phase 8.3 (278 Wks) - External Works | E63: ='Bill Items'!I3653 -> 0
A64: Bill 56 | B64: Phase 8.3 (278 Wks) - Drainage | E64: ='Bill Items'!I3693 -> 0
A65: Bill 57 | B65: Phase 8.3 (278 Wks) - External Services | E65: ='Bill Items'!I3714 -> 0
A66: Bill 58 | B66: Phase 8.4 (278 Wks) - Cut & Fill | E66: ='Bill Items'!I3736 -> 0
A67: Bill 59 | B67: Phase 8.4 (278 Wks) - External Works | E67: ='Bill Items'!I3775 -> 0
A68: Bill 60 | B68: Phase 8.4 (278 Wks) - Drainage | E68: ='Bill Items'!I3815 -> 0
A69: Bill 61 | B69: Phase 8.4 (278 Wks) - External Services | E69: ='Bill Items'!I3836 -> 0
A70: Bill 62 | B70: Phase 8.5 (278 Wks) - Cut & Fill | E70: ='Bill Items'!I3858 -> 0
A71: Bill 63 | B71: Phase 8.5 (278 Wks) - External Works | E71: ='Bill Items'!I3902 -> 0
A72: Bill 64 | B72: Phase 8.5 (278 Wks) - Drainage | E72: ='Bill Items'!I3923 -> 0
A73: Bill 65 | B73: Phase 8.5 (278 Wks) - External Services | E73: ='Bill Items'!I3944 -> 0
A74: Bill 66 | B74: Phase 9 - Trafford Way Making Good Works | E74: ='Bill Items'!I3980 -> 0
A75: Bill 67 | B75: Phase 10 - West Street Resurfacing Works | E75: ='Bill Items'!I4003 -> 0
A76: Bill 68 | B76: Vac Exc Works | E76: ='Bill Items'!I4029 -> 0
A77: Bill 69 | B77: Ext Services (Disconnect/Connect/Divert) | E77: ='Bill Items'!I4067 -> 0
A78: Bill 70 | B78: Defence Mounds (Valley Garden) | E78: ='Bill Items'!I4095 -> 0
A79: Bill 71 | B79: Gap Analysis | E79: ='Bill Items'!I4160 -> 0
D81: Total : | E81: =SUM(E9:E79) -> 0
